task,baseline,n_runs,Average reward_mean,Average reward_std,Coverage_mean,Coverage_std,Depth_mean,Depth_std,ILD_mean,ILD_std,Total reward_mean,Total reward_std,is_click_rate_mean,is_click_rate_std,is_like_rate_mean,is_like_rate_std,is_star_rate_mean,is_star_rate_std
whole,DDPG,1,0.5939062714576722,0.0,169.3,0.0,14.0,0.0,0.9919544384349137,0.0,8.945714664459228,0.0,0.5939062595367431,0.0,0.6446875095367431,0.0,0.6553125143051147,0.0
whole,TD3,1,0.6815625250339508,0.0,99.6,0.0,15.0,0.0,0.9907609187997878,0.0,10.340833377838134,0.0,0.6815625071525574,0.0,0.6762500047683716,0.0,0.6862500071525574,0.0
whole,A2C,1,0.6026562452316284,0.0,29.2,0.0,14.2,0.0,0.9905196157284081,0.0,8.78150053024292,0.0,0.6026562631130219,0.0,0.633593761920929,0.0,0.6332812607288361,0.0
whole,HAC,1,0.6246875166893006,0.0,27.9,0.0,14.3,0.0,0.9897347675636411,0.0,9.23716688156128,0.0,0.6246875047683715,0.0,0.646875,0.0,0.6701562643051148,0.0
whole,MERA,1,0.6359375059604645,0.0,123.4,0.0,14.3,0.0,0.9927477657329291,0.0,9.394167137145995,0.0,0.635937511920929,0.0,0.641406261920929,0.0,0.6579687595367432,0.0
whole,MERAComplete,1,0.9018187463283539,0.0,471.4,0.0,18.2,0.0,0.9920083257835358,0.0,16.69407434463501,0.0,0.5770312666893005,0.0,0.6109375119209289,0.0,0.6128125071525574,0.0
